insert into funcionario (CPF, Nome, Data_de_nascimento, Salário, Função, Endereço_Rua, Endereço_Numero, Endereço_Bairro, Endereço_Cidade, Gerente) values 
('71702543447', 'Luiza Liz Galvão', '03/07/2002', '5000', 'Gerente', 'Rua Santo Antônio', '147','Marcos Freire', 'Jaboatão dos Guararapes', null),
('07918625420', 'Eduarda Beatriz Freitas', '06/08/1992', '5000', 'Gerente', '1ª Rua do Colégio', '180','Cajueiro Seco', 'Jaboatão dos Guararapes', null),
('27017185463', 'Bruno Luiz Teixeira', '10/09/1985', '5000', 'Gerente', 'Travessa Professor Vicente Monteiro', '614','Divinópolis', 'Caruaru', null),
('12083202465', 'Luciana Laura Adriana Aparício', '14/02/2002', '5000', 'Gerente', 'Rua Sessenta e Três', '194','Rio Doce', 'Olinda', null),
('57510546443', 'Andreia Jéssica Kamilly Assis', '03/08/1949', '5000', 'Gerente', 'Rua Manoel Soares de Melo', '756','São Miguel', 'Arcoverde', null),
('52707132411', 'Isis Melissa Louise Aragão', '01/12/1966', '5000', 'Gerente', 'Rua do Lambu', '583','Dom Avelar', 'Petrolina', null),
('03438198487', 'Pietro Erick Costa', '03/02/1953', '5000', 'Gerente', 'Rua Via Principal', '100','Sucupira', 'Jaboatão dos Guararapes', null),
('27662025446', 'Manoel Pedro Henrique Monteiro', '08/02/1963', '5000', 'Gerente', 'Rua Major Izidoro', '564','Vasco da Gama', 'Recife', null),
('81627041400', 'Lívia Natália Novaes', '04/09/1987', '5000', 'Gerente', 'Rua Presidente Kennedy', '758','Estação Nova', 'Camaragibe', null),
('40810418495', 'Antônia Agatha Regina Farias', '04/12/1954', '5000', 'Gerente', 'Rua Severino Sabino da Silva', '260','Lídia Queiroz', 'Vitória de Santo Antão', null),
('22531819436', 'Samuel Nelson Enrico Assunção', '11/01/1954', '1500', 'fiscal', 'Rua Trinta e Um', '963','Henrique Leite', 'Petrolina','71702543447'),
('74408379409', 'Tereza Nicole Márcia Vieira', '13/08/1989', '1500', 'fiscal', 'Rua Belém de São Francisco', '244','Várzea', 'Recife', '07918625420'),
('25750858456', 'Julia Pietra Sophia Barbosa', '04/10/1962', '1500', 'fiscal', 'Travessa São Vicente de Paula', '702','São Vicente de Paulo', 'Vitória de Santo Antão', '27017185463'),
('91126930490', 'Nina Luzia Cavalcanti', '01/02/1945', '1500', 'fiscal', 'Rua do Luar', '480','Fragoso', 'Paulista', '12083202465'),
('87854854467', 'Nicolas Gustavo da Paz', '26/07/1966', '1500', 'fiscal', 'Avenida Luiz Cabral de Oliveira', '924','Cidade Garapu', 'Cabo de Santo Agostinho', '57510546443'),
('17455555440', 'Luís Lorenzo Almeida', '11/03/1986', '1500', 'fiscal', 'Rua Dois', '564','Cajueiro Seco', 'Jaboatão dos Guararapes', '03438198487'),
('22972603427', 'Carla Valentina Alícia Alves', '17/09/1999', '1500', 'fiscal', 'Rua do Cruzeiro', '215','Centenário', 'Caruaru', '27662025446'),
('61112063463', 'Priscila Stefany dos Santos', '11/06/1948', '1500', 'fiscal', 'Rua Engenho Rainha dos Anjos', '542','Mangueira', 'Recife', '81627041400'),
('43365272453', 'Kamilly Alana Silva', '04/12/1969', '1500', 'fiscal', 'Rua Lucilo Varejão', '441','Iputinga', 'Recife', '81627041400'),
('57285002429', 'Rita Daniela Caldeira', '10/11/2000', '1500', 'fiscal', 'Rua Antônio Pires de Menezes', '283','José Tomé de Souza Ramos', 'Serra Talhada', '40810418495'),
('54684443485', 'Thomas Mateus Sales', '24/03/1946', '1500', 'Atendente', 'Rua José Inácio da Silva', '171','Gravatá Centro', 'Gravatá', '40810418495'),
('64382173442', 'Marina Mariah Nascimento', '06/12/1952', '1500', 'Atendente', 'Rua Maria Judith Lins', '449','Bairro Novo', 'Olinda', '40810418495'),
('59261707459', 'Benjamin Antonio Roberto da Cruz', '26/01/1967', '1500', 'Atendente', 'Rua da Castanhola', '627','Bulhões', 'Jaboatão dos Guararapes', '81627041400'),  
('25656358429', 'Calebe Manuel Rodrigo Fogaça', '25/01/1984', '1500', 'Atendente', 'Rua Doutor João José Ribeiro', '847','Jardim Atlântico', 'Olinda', '27662025446'),   
('22261463421', 'Henrique Ryan Jesus', '01/04/1993', '1500', 'Atendente', 'Rua Corrida', '969','Manassu', 'Jaboatão dos Guararapes', '03438198487'),
('49588151473', 'Eloá Allana Clara Moreira', '24/04/1986', '1500', 'Atendente', 'Rua Olga de Andrade', '570','Zumbi do Pacheco', 'Jaboatão dos Guararapes', '57510546443'),
('25410216407', 'Henry Matheus Pedro Henrique da Costa', '05/02/1961', '1500', 'Atendente', 'Rua das Flores', '579','Jardim Paulista', 'Paulista', '12083202465'),       
('02154948499', 'Samuel Rafael Ramos', '04/08/1947', '1500', 'Atendente', 'Rua Doutor José Bezerra', '725','Santa Rita', 'Igarassu', '27017185463'),
('36649458406', 'Alexandre Danilo Filipe Carvalho', '11/01/1994', '1500', 'Atendente', 'Rua Poeta Álvaro de Azevedo', '628','Mirueira', 'Paulista', '07918625420'),      
('98628461434', 'Bruno Danilo Luís Rocha', '10/07/1982', '1500', 'Atendente', 'Rua José Antônio de Lima', '174','Bairro Novo do Carmelo', 'Camaragibe', '71702543447');

insert into funcionario_telefone ( CPF, Telefone ) values 
('81627041400', '81988196477'),
('40810418495', '81996915205'),
('22531819436', '81994689140'),
('74408379409', '81983093034'),
('25750858456', '87992099825'),
('91126930490', '81999175179'),
('87854854467', '81984024870'),
('17455555440', '81995849389'),
('22972603427', '81998960827'),
('61112063463', '81988572222');

insert into gerente ( CPF, bonificacao ) values 
('71702543447', '600'),
('07918625420', '1000'),
('27017185463', '2000'),
('12083202465', '3000'),
('57510546443', '1500'),
('52707132411', '600'),
('03438198487', '1300'),
('27662025446', '2000'),
('81627041400', '2000'),
('40810418495', '1000');

insert into sala_de_cinema (capacidade, projetor, fiscal, gerente) values 
('25', 'gts300', '22531819436', '27017185463'),
('40', 'amt670', '74408379409', '12083202465'),
('30', 'gtx670', '25750858456', '27017185463'),
('40', 'ght400', '91126930490', '12083202465'),
('30', 'fmt300', '87854854467', '27017185463'),
('25', 'sdhy44', '17455555440', '12083202465'),
('30', 'dff897', '22972603427', '27017185463'),
('45', 'rtf876', '61112063463', '12083202465'),
('40', 'frt543', '43365272453', '27017185463'),
('30', 'mnb987', '57285002429', '12083202465');

insert into dependente (CPF_funcionario, CPF, Nome) values 
('74408379409', '97962804424', 'Ana Vanessa Emily Bernardes'),
('25750858456', '89594346477', 'Márcia Letícia Emanuelly Souza'),
('91126930490', '63487849402', 'Vera Ana Gomes'),
('87854854467', '52017294446', 'Sandra Allana Brito'),
('17455555440', '11897934408', 'Hugo Samuel Peixoto'),
('22972603427', '45445669408', 'Thiago Fábio Arthur Oliveira'),
('61112063463', '70670030406', 'Sophia Vitória Simone Mendes'),
('43365272453', '74099664406', 'Enrico Antonio Dias'),
('57285002429', '96585776445', 'Elza Hadassa Melo'),
('54684443485', '85747846485', 'Giovana Simone Olivia Farias');

insert into filme (nome, genero, classificacao) values 
('Homem-Aranha: Sem Volta para Casa', 'Ação, Aventura, Fantasia', '12'),
('Liga da Justiça - Snyder Cut', 'Ação, Aventura, Fantasia', '12'),
('No Ritmo do Coração', 'Drama', '14'),
('Cruella', 'Comédia, Drama, Família', '12'),
('Raya e o Último Dragão', 'Aventura, Animação, Fantasia', '10'),
('Sing 2', 'Animação, Família, Comédia Musical', '0'),
('Luca', 'Animação, Família', '0'),
('Anônimo', 'Ação', '12'),
('Shang-Chi e a Lenda dos Dez Anéis', 'Ação, Aventura', '12'),
('King Richard: Criando Campeãs', 'Biopic, Drama', '14');

insert into sala_de_cinema_filme (numero, filme_id, horario) values 
('1', '1', '08:00'),
('1', '2', '10:00'),
('2', '3', '08:00'),
('2', '4', '10:00'),
('3', '5', '08:00'),
('3', '6', '10:00'),
('4', '7', '08:00'),
('4', '8', '10:00'),
('5', '9', '08:00'),
('5', '10', '10:00');

update sala_de_cinema_filme set numero='3',filme_id='2',horario='12:00' where numero = '3'and filme_id = '5' and horario='08:00';
update filme set nome = 'Pantera Negra: Wakanda Para Sempre' where id = 9;

delete from sala_de_cinema_filme where numero='3' and filme_id='2' and horario='12:00';
delete from filme where nome = 'Luca';